{
    "output": "output/bipartite-3",
    "directory": "output/",
    "extension": "ncol",
    "vertices": [
        1550,
        1550
    ],
    "communities": [
        15,
        15
    ],
    "x": [
        0,
        0
    ],
    "z": [
        0,
        0
    ],
    "p": [
        [
            0.06666666666666667,
            0.06666666666666667,
            0.06666666666666667,
            0.06666666666666667,
            0.06666666666666667,
            0.06666666666666667,
            0.06666666666666667,
            0.06666666666666667,
            0.06666666666666667,
            0.06666666666666667,
            0.06666666666666667,
            0.06666666666666667,
            0.06666666666666667,
            0.06666666666666667,
            0.06666666666666676
        ],
        [
            0.06666666666666667,
            0.06666666666666667,
            0.06666666666666667,
            0.06666666666666667,
            0.06666666666666667,
            0.06666666666666667,
            0.06666666666666667,
            0.06666666666666667,
            0.06666666666666667,
            0.06666666666666667,
            0.06666666666666667,
            0.06666666666666667,
            0.06666666666666667,
            0.06666666666666667,
            0.06666666666666676
        ]
    ],
    "balanced": true,
    "d": [
        0.4
    ],
    "mu": [
        0.4
    ],
    "noise": [
        0.03
    ],
    "unweighted": false,
    "normalize": true,
    "conf": "input/bipartite-3.json",
    "show_timing": false,
    "save_timing_csv": false,
    "save_timing_json": false,
    "unique_key": false,
    "edges": 29463
}