{
    "output": "output/bipartite_1",
    "directory": "output/",
    "extension": "ncol",
    "vertices": [
        150,
        250
    ],
    "communities": [
        3,
        3
    ],
    "x": [
        4,
        4
    ],
    "z": [
        2,
        2
    ],
    "p": [
        [
            0.3333333333333333,
            0.3333333333333333,
            0.33333333333333337
        ],
        [
            0.3333333333333333,
            0.3333333333333333,
            0.33333333333333337
        ]
    ],
    "balanced": true,
    "d": [
        0.4
    ],
    "mu": [
        0.5
    ],
    "noise": [
        0.1
    ],
    "unweighted": false,
    "normalize": true,
    "conf": "input/input_bipartite_1.json",
    "show_timing": false,
    "save_timing_csv": false,
    "save_timing_json": false,
    "unique_key": false,
    "edges": 3153
}